1,22 KYMCO IFLOW,BUDGET ELECTRIC 2W,2
2,22 KYMCO LIKE 200,PREMIUM SCOOTER,2
3,22 KYMCO NOT IN LIST,PREMIUM BIKE,2
4,22 KYMCO X TOWN,PREMIUM SCOOTER,2
5,AMPERE NOT IN LIST,PREMIUM BIKE,2
6,AMPERE REO,BUDGET ELECTRIC 2W,2
7,AMPERE V48,BUDGET ELECTRIC 2W,2
8,APRILIA CAPONORD 1200,PREMIUM BIKE,2
9,APRILIA DORSUDORO,PREMIUM BIKE,2
10,APRILIA DORSUDORO 900,PREMIUM BIKE,2
11,APRILIA MANA,PREMIUM BIKE,2
12,APRILIA NOT IN LIST,PREMIUM BIKE,2
13,APRILIA RS125,BUDGET SCOOTER,2
14,APRILIA RSV4,PREMIUM BIKE,2
15,APRILIA RX125,PREMIUM BIKE,2
16,APRILIA SHIVER 900,PREMIUM BIKE,2
17,APRILIA SR 125,BUDGET SCOOTER,2
18,APRILIA SR 150,BUDGET SCOOTER,2
19,APRILIA SR 150 RACE,BUDGET SCOOTER,2
20,APRILIA SRV 850,PREMIUM BIKE,2
21,APRILIA SRX 160,PREMIUM BIKE,2
22,APRILIA STORM 125,PREMIUM BIKE,2
23,APRILIA TUONO,PREMIUM BIKE,2
24,ATHER 450X,PREMIUM ELECTRIC 2W,2
25,ATHER NOT IN LIST,PREMIUM ELECTRIC 2W,2
26,ATHER S340,PREMIUM ELECTRIC 2W,2
27,ATHER S450,PREMIUM ELECTRIC 2W,2
28,AVAN NOT IN LIST,PREMIUM BIKE,2
29,AVAN XERO+,BUDGET SCOOTER,2
30,AVANTURAA CHOPPERS NOT IN LIST,PREMIUM BIKE,2
31,AVANTURAA CHOPPERS PRAVEGA,PREMIUM BIKE,2
32,AVON E BIKE,BUDGET ELECTRIC 2W,2
33,AVON E LITE,BUDGET ELECTRIC 2W,2
34,AVON E MATE,BUDGET ELECTRIC 2W,2
35,AVON E PLUS,BUDGET ELECTRIC 2W,2
36,AVON E STAR,BUDGET ELECTRIC 2W,2
37,AVON NOT IN LIST,BUDGET ELECTRIC 2W,2
38,BAJAJ AVENGER 220,PREMIUM BIKE,2
39,BAJAJ AVENGER STREET 160,PREMIUM BIKE,2
40,BAJAJ AVENGER STREET 180,PREMIUM BIKE,2
41,BAJAJ AVENGER STREET 220,PREMIUM BIKE,2
42,BAJAJ AVNGER CRUISE 220,PREMIUM BIKE,2
43,BAJAJ CHETAK,PREMIUM SCOOTER,2
44,BAJAJ CT100,BELOW 150CC BIKE,2
45,BAJAJ CT110,BELOW 150CC BIKE,2
46,BAJAJ CT110X,BELOW 150CC BIKE,2
47,BAJAJ DISCOVER100,BELOW 150CC BIKE,2
48,BAJAJ DISCOVER100 M,BELOW 150CC BIKE,2
49,BAJAJ DISCOVER100 T,BELOW 150CC BIKE,2
50,BAJAJ DISCOVER110,BELOW 150CC BIKE,2
51,BAJAJ DISCOVER125,BELOW 150CC BIKE,2
52,BAJAJ DISCOVER125 M,BELOW 150CC BIKE,2
53,BAJAJ DISCOVER125 T,BELOW 150CC BIKE,2
54,BAJAJ DISCOVER150,151CC TO 350 CC BIKE ,2
55,BAJAJ DISCOVER150 F,151CC TO 350 CC BIKE ,2
56,BAJAJ DISCOVER150 S,151CC TO 350 CC BIKE ,2
57,BAJAJ DOMINAR 250,151CC TO 350 CC BIKE ,2
58,BAJAJ DOMINAR 400,PREMIUM BIKE,2
59,BAJAJ NOT IN LIST,PREMIUM BIKE,2
60,BAJAJ NS160,PREMIUM BIKE,2
61,BAJAJ PLATINA 100,BELOW 150CC BIKE,2
62,BAJAJ PLATINA 100 ES,BELOW 150CC BIKE,2
63,BAJAJ PLATINA 110,BELOW 150CC BIKE,2
64,BAJAJ PULSAR 125,BELOW 150CC BIKE,2
65,BAJAJ PULSAR 125 NEON,BELOW 150CC BIKE,2
66,BAJAJ PULSAR 125 NS,BELOW 150CC BIKE,2
67,BAJAJ PULSAR 135 LS,BELOW 150CC BIKE,2
68,BAJAJ PULSAR 150,BELOW 150CC BIKE,2
69,BAJAJ PULSAR 150 DTS I,151CC TO 350 CC BIKE ,2
70,BAJAJ PULSAR 160 NS,151CC TO 350 CC BIKE ,2
71,BAJAJ PULSAR 180,151CC TO 350 CC BIKE ,2
72,BAJAJ PULSAR 180 NEON F,151CC TO 350 CC BIKE ,2
73,BAJAJ PULSAR 200 F,151CC TO 350 CC BIKE ,2
74,BAJAJ PULSAR 200 NS,PREMIUM BIKE,2
75,BAJAJ PULSAR 220F,PREMIUM BIKE,2
76,BAJAJ PULSAR RS 200,PREMIUM BIKE,2
77,BAJAJ V12,BELOW 150CC BIKE,2
78,BAJAJ V15,BELOW 150CC BIKE,2
79,BENELLI 302R,PREMIUM BIKE,2
80,BENELLI 402 S,PREMIUM BIKE,2
81,BENELLI 502 C,PREMIUM BIKE,2
82,BENELLI 752 S,PREMIUM BIKE,2
83,BENELLI IMPERIALE 400,PREMIUM BIKE,2
84,BENELLI LEONCINO,PREMIUM BIKE,2
85,BENELLI LEONCINO 250,PREMIUM BIKE,2
86,BENELLI LEONCINO 500,PREMIUM BIKE,2
87,BENELLI NOT IN LIST,PREMIUM BIKE,2
88,BENELLI TNT 1130 R,PREMIUM BIKE,2
89,BENELLI TNT 135,PREMIUM BIKE,2
90,BENELLI TNT 25,PREMIUM BIKE,2
91,BENELLI TNT 300,PREMIUM BIKE,2
92,BENELLI TNT 302,PREMIUM BIKE,2
93,BENELLI TNT 302 S,PREMIUM BIKE,2
94,BENELLI TNT 600 GT,PREMIUM BIKE,2
95,BENELLI TNT 600 I,PREMIUM BIKE,2
96,BENELLI TNT 899 ,PREMIUM BIKE,2
97,BENELLI TNT R,PREMIUM BIKE,2
98,BENELLI TRK 451,PREMIUM BIKE,2
99,BENELLI TRK 502,PREMIUM BIKE,2
100,BGAUSS A2,BUDGET ELECTRIC 2W,2
101,BGAUSS B8,BUDGET ELECTRIC 2W,2
102,BIG DOG MOTORCYCLES K9 RED CHOPPER,PREMIUM BIKE,2
103,BMW F 750 GS,PREMIUM BIKE,2
104,BMW F 850 GS,PREMIUM BIKE,2
105,BMW G 310 GS,PREMIUM BIKE,2
106,BMW G 310 R,PREMIUM BIKE,2
107,BMW K 1300 R,PREMIUM BIKE,2
108,BMW K 1300 S,PREMIUM BIKE,2
109,BMW K 1600 B,PREMIUM BIKE,2
110,BMW K 1600 GT,PREMIUM BIKE,2
111,BMW K 1600 GTL,PREMIUM BIKE,2
112,BMW NOT IN LIST,PREMIUM BIKE,2
113,BMW R 1200 GS,PREMIUM BIKE,2
114,BMW R 1200 GS ADVENTURE,PREMIUM BIKE,2
115,BMW R 1200 R,PREMIUM BIKE,2
116,BMW R 1200 RS,PREMIUM BIKE,2
117,BMW R 1200 RT,PREMIUM BIKE,2
118,BMW R 1250 GS,PREMIUM BIKE,2
119,BMW R 1250 GS ADVENTURE,PREMIUM BIKE,2
120,BMW R NINE T,PREMIUM BIKE,2
121,BMW R NINE T RACER,PREMIUM BIKE,2
122,BMW R NINE T SCRAMBLER,PREMIUM BIKE,2
123,BMW S 1000 R,PREMIUM BIKE,2
124,BMW S 1000 RR,PREMIUM BIKE,2
125,BMW S 1000 XR,PREMIUM BIKE,2
126,CARBERRY  DOUBLE BARREL,PREMIUM BIKE,2
127,CARBERRY  NOT IN LIST,PREMIUM BIKE,2
128,CF MOTO 300NK,PREMIUM BIKE,2
129,CF MOTO 650GT,PREMIUM BIKE,2
130,CF MOTO 650MT,PREMIUM BIKE,2
131,CF MOTO 650NK,PREMIUM BIKE,2
132,CF MOTO NOT IN LIST,PREMIUM BIKE,2
133,CLEVELAND CYCLEWORKS BIKES ACE CAFE,PREMIUM BIKE,2
134,CLEVELAND CYCLEWORKS BIKES ACE DELUXE 250,PREMIUM BIKE,2
135,CLEVELAND CYCLEWORKS BIKES ACE SCRAMBLER,PREMIUM BIKE,2
136,CLEVELAND CYCLEWORKS BIKES MISFIT,PREMIUM BIKE,2
137,CLEVELAND CYCLEWORKS BIKES NOT IN LIST,PREMIUM BIKE,2
138,DUCATI 1299 PANIGALE,PREMIUM BIKE,2
139,DUCATI 939 SUPERSPORT,PREMIUM BIKE,2
140,DUCATI 959 PANIGALE,PREMIUM BIKE,2
141,DUCATI DESERT SLED,PREMIUM BIKE,2
142,DUCATI DIAVEL,PREMIUM BIKE,2
143,DUCATI DIAVEL 1260,PREMIUM BIKE,2
144,DUCATI HYPERMOTARD 950,PREMIUM BIKE,2
145,DUCATI MONSTER,PREMIUM BIKE,2
146,DUCATI MONSTER 1200,PREMIUM BIKE,2
147,DUCATI MONSTER 797,PREMIUM BIKE,2
148,DUCATI MONSTER 821,PREMIUM BIKE,2
149,DUCATI MULTISTRADA,PREMIUM BIKE,2
150,DUCATI MULTISTRADA 1260,PREMIUM BIKE,2
151,DUCATI MULTISTRADA 950,PREMIUM BIKE,2
152,DUCATI NOT IN LIST,PREMIUM BIKE,2
153,DUCATI PANIGALE V4,PREMIUM BIKE,2
154,DUCATI SCRAMBLER,PREMIUM BIKE,2
155,DUCATI SCRAMBLER 1100,PREMIUM BIKE,2
156,DUCATI STREETFIGHTER,PREMIUM BIKE,2
157,DUCATI SUPER SPORT,PREMIUM BIKE,2
158,DUCATI SUPERBIKE,PREMIUM BIKE,2
159,DUCATI XDIAVEL,PREMIUM BIKE,2
160,EMFLUX NOT IN LIST,PREMIUM BIKE,2
161,EMFLUX ONE,PREMIUM BIKE,2
162,EVOLET DERBY,PREMIUM BIKE,2
163,EVOLET NOT IN LIST,PREMIUM BIKE,2
164,EVOLET POLO,PREMIUM BIKE,2
165,EVOLET PONY,PREMIUM BIKE,2
166,FB MONDIAL HPS300,PREMIUM BIKE,2
167,FB MONDIAL NOT IN LIST,PREMIUM BIKE,2
168,GEMOPAI ASTRID,BUDGET ELECTRIC 2W,2
169,GEMOPAI NOT IN LIST,BUDGET ELECTRIC 2W,2
170,HARLEY-DAVIDSON 1200 CUSTOM,PREMIUM BIKE,2
171,HARLEY-DAVIDSON 750,PREMIUM BIKE,2
172,HARLEY-DAVIDSON BREAKOUT,PREMIUM BIKE,2
173,HARLEY-DAVIDSON CVO LIMITED,PREMIUM BIKE,2
174,HARLEY-DAVIDSON DELUXE,PREMIUM BIKE,2
175,HARLEY-DAVIDSON FAT BOB,PREMIUM BIKE,2
176,HARLEY-DAVIDSON FAT BOY,PREMIUM BIKE,2
177,HARLEY-DAVIDSON FAT BOY ANNIVERSARY,PREMIUM BIKE,2
178,HARLEY-DAVIDSON FORTY EIGHT,PREMIUM BIKE,2
179,HARLEY-DAVIDSON FORTY EIGHT SPECIAL,PREMIUM BIKE,2
180,HARLEY-DAVIDSON HERITAGE CLASSIC,PREMIUM BIKE,2
181,HARLEY-DAVIDSON HERITAGE SOFTAIL CLASSIC,PREMIUM BIKE,2
182,HARLEY-DAVIDSON IRON 1200,PREMIUM BIKE,2
183,HARLEY-DAVIDSON IRON 883,PREMIUM BIKE,2
184,HARLEY-DAVIDSON LOW RIDER,PREMIUM BIKE,2
185,HARLEY-DAVIDSON NIGHT ROD SPECIAL,PREMIUM BIKE,2
186,HARLEY-DAVIDSON NOT IN LIST,PREMIUM BIKE,2
187,HARLEY-DAVIDSON ROAD GLIDE SPECIAL,PREMIUM BIKE,2
188,HARLEY-DAVIDSON ROAD KING,PREMIUM BIKE,2
189,HARLEY-DAVIDSON ROADSTER,PREMIUM BIKE,2
190,HARLEY-DAVIDSON STREET 750,PREMIUM BIKE,2
191,HARLEY-DAVIDSON STREET BOB,PREMIUM BIKE,2
192,HARLEY-DAVIDSON STREET GLIDE SPECIAL,PREMIUM BIKE,2
193,HARLEY-DAVIDSON STREET ROD,PREMIUM BIKE,2
194,HARLEY-DAVIDSON SUPER LOW,PREMIUM BIKE,2
195,HERO ACHIEVER,151CC TO 350 CC BIKE ,2
196,HERO AE-47,PREMIUM ELECTRIC 2W,2
197,HERO CBZ XTREME,151CC TO 350 CC BIKE ,2
198,HERO CD 100,BELOW 150CC BIKE,2
199,HERO CD DAWN,BELOW 150CC BIKE,2
200,HERO CD DELUXE,BELOW 150CC BIKE,2
201,HERO DARE,BUDGET SCOOTER,2
202,HERO DESTINI 125,BUDGET SCOOTER,2
203,HERO DUET,BUDGET SCOOTER,2
204,HERO E-DUET,BUDGET SCOOTER,2
205,HERO ELECTRIC A2B,BUDGET ELECTRIC 2W,2
206,HERO ELECTRIC AXLHE-20,BUDGET ELECTRIC 2W,2
207,HERO ELECTRIC CRUZ,BUDGET ELECTRIC 2W,2
208,HERO ELECTRIC FLASH,BUDGET ELECTRIC 2W,2
209,HERO ELECTRIC NOT IN LIST,BUDGET ELECTRIC 2W,2
210,HERO ELECTRIC NYX,BUDGET ELECTRIC 2W,2
211,HERO ELECTRIC NYX E5,BUDGET ELECTRIC 2W,2
212,HERO ELECTRIC OPTIMA DX,BUDGET ELECTRIC 2W,2
213,HERO ELECTRIC OPTIMA PLUS,BUDGET ELECTRIC 2W,2
214,HERO ELECTRIC PHOTON,BUDGET ELECTRIC 2W,2
215,HERO GLAMOUR,BELOW 150CC BIKE,2
216,HERO GLAMOUR XTEC,BELOW 150CC BIKE,2
217,HERO HF 100,BELOW 150CC BIKE,2
218,HERO HF DAWN,BELOW 150CC BIKE,2
219,HERO HF DELUXE,BELOW 150CC BIKE,2
220,HERO HF DELUXE ECO,BELOW 150CC BIKE,2
221,HERO HUNK,BELOW 150CC BIKE,2
222,HERO IGNITOR,BELOW 150CC BIKE,2
223,HERO IMPULSE ,BELOW 150CC BIKE,2
224,HERO IMPULSE 250,151CC TO 350 CC BIKE ,2
225,HERO KARIZMA,151CC TO 350 CC BIKE ,2
226,HERO KARIZMA ZMR,151CC TO 350 CC BIKE ,2
227,HERO MAESTRO EDGE,BUDGET SCOOTER,2
228,HERO MAESTRO EDGE 125,BUDGET SCOOTER,2
229,HERO NEW MAESTRO EDGE,BUDGET SCOOTER,2
230,HERO NEW MAESTRO EDGE 125,BUDGET SCOOTER,2
231,HERO NOT IN LIST,PREMIUM BIKE,2
232,HERO PASSION PRO,BELOW 150CC BIKE,2
233,HERO PASSION PRO 110,BELOW 150CC BIKE,2
234,HERO PASSION PRO TR,BELOW 150CC BIKE,2
235,HERO PASSION XPRO,BELOW 150CC BIKE,2
236,HERO PLEASURE,BELOW 150CC BIKE,2
237,HERO PLEASURE PLUS,BELOW 150CC BIKE,2
238,HERO PLEASURE PLUS XTEC,BUDGET SCOOTER,2
239,HERO SPLENDOR ISMART,BELOW 150CC BIKE,2
240,HERO SPLENDOR NXG,BELOW 150CC BIKE,2
241,HERO SPLENDOR PLUS,BELOW 150CC BIKE,2
242,HERO SPLENDOR PRO ,BELOW 150CC BIKE,2
243,HERO SPLENDOR PRO CLASSIC,BELOW 150CC BIKE,2
244,HERO SUPER SPLENDOR,BELOW 150CC BIKE,2
245,HERO XF3R,PREMIUM BIKE,2
246,HERO XPLUSE 200,151CC TO 350 CC BIKE ,2
247,HERO XPLUSE 200T,151CC TO 350 CC BIKE ,2
248,HERO XTREME ,151CC TO 350 CC BIKE ,2
249,HERO XTREME 160R,151CC TO 350 CC BIKE ,2
250,HERO XTREME 200R,151CC TO 350 CC BIKE ,2
251,HERO XTREME 200S,151CC TO 350 CC BIKE ,2
252,HERO XTREME SPORTS,BELOW 150CC BIKE,2
253,HONDA ACTIVA,BUDGET SCOOTER,2
254,HONDA ACTIVA 125,BUDGET SCOOTER,2
255,HONDA ACTIVA 5G,BUDGET SCOOTER,2
256,HONDA ACTIVA 6G,BUDGET SCOOTER,2
257,HONDA ACTIVA I,BUDGET SCOOTER,2
258,HONDA AVIATOR,BUDGET SCOOTER,2
259,HONDA CB 1000R PLUS,PREMIUM BIKE,2
260,HONDA CB 200X,PREMIUM BIKE,2
261,HONDA CB 300R,PREMIUM BIKE,2
262,HONDA CB 350,PREMIUM BIKE,2
263,HONDA CB 350 RS,PREMIUM BIKE,2
264,HONDA CB HORNET 160R,151CC TO 350 CC BIKE ,2
265,HONDA CB SHINE,BELOW 150CC BIKE,2
266,HONDA CB SHINE SP,BELOW 150CC BIKE,2
267,HONDA CB UNICORN 150,151CC TO 350 CC BIKE ,2
268,HONDA CB UNICORN 160,151CC TO 350 CC BIKE ,2
269,HONDA CB1100EX,PREMIUM BIKE,2
270,HONDA CB500X,PREMIUM BIKE,2
271,HONDA CB650R,PREMIUM BIKE,2
272,HONDA CBR 1000RR,PREMIUM BIKE,2
273,HONDA CBR 250R,PREMIUM BIKE,2
274,HONDA CBR650R,PREMIUM BIKE,2
275,HONDA CD 110 DREAM,BELOW 150CC BIKE,2
276,HONDA CLIQ,BUDGET SCOOTER,2
277,HONDA CRF 1000 L AFRICA TWIN,PREMIUM BIKE,2
278,HONDA DIO,BUDGET SCOOTER,2
279,HONDA DREAM NEO,BELOW 150CC BIKE,2
280,HONDA DREAM YUGA,BELOW 150CC BIKE,2
281,HONDA GOLD WING,PREMIUM BIKE,2
282,HONDA GRAZIA,BUDGET SCOOTER,2
283,HONDA GRAZIA 125,BUDGET SCOOTER,2
284,HONDA HORNET 2.0,151CC TO 350 CC BIKE ,2
285,HONDA LIVO,BELOW 150CC BIKE,2
286,HONDA MSX125GROM,BELOW 150CC BIKE,2
287,HONDA NAVI,BUDGET SCOOTER,2
288,HONDA NEW HORNET 2.0,151CC TO 350 CC BIKE ,2
289,HONDA NOT IN LIST,PREMIUM BIKE,2
290,HONDA RC213V,PREMIUM BIKE,2
291,HONDA REBEL300,PREMIUM BIKE,2
292,HONDA SP125,PREMIUM BIKE,2
293,HONDA VFR1200F,PREMIUM BIKE,2
294,HONDA VT1300CX,PREMIUM BIKE,2
295,HONDA X-ADV,PREMIUM BIKE,2
296,HONDA XBLADE,151CC TO 350 CC BIKE ,2
297,HUSQVARNA NOT IN LIST,PREMIUM BIKE,2
298,HUSQVARNA SVARTPILEN ,PREMIUM BIKE,2
299,HUSQVARNA VITPILEN,PREMIUM BIKE,2
300,HYOSUNG AQUILA 250,PREMIUM BIKE,2
301,HYOSUNG AQUILA GT250RC,PREMIUM BIKE,2
302,HYOSUNG AQUILA PRO,PREMIUM BIKE,2
303,HYOSUNG GD,PREMIUM BIKE,2
304,HYOSUNG GT250R,PREMIUM BIKE,2
305,HYOSUNG GT300 R,PREMIUM BIKE,2
306,HYOSUNG GT650N,PREMIUM BIKE,2
307,HYOSUNG GT650R,PREMIUM BIKE,2
308,HYOSUNG NOT IN LIST,PREMIUM BIKE,2
309,HYOSUNG ST7,PREMIUM BIKE,2
310,INDIAN MOTORCYCLES INDIAN CHIEF,PREMIUM BIKE,2
311,INDIAN MOTORCYCLES INDIAN CHIEF CLASSIC ,PREMIUM BIKE,2
312,INDIAN MOTORCYCLES INDIAN CHIEF DARK HORSE,PREMIUM BIKE,2
313,INDIAN MOTORCYCLES INDIAN CHIEF VINTAGE,PREMIUM BIKE,2
314,INDIAN MOTORCYCLES INDIAN CHIEFTAIN,PREMIUM BIKE,2
315,INDIAN MOTORCYCLES INDIAN CHIEFTAIN CLASSIC,PREMIUM BIKE,2
316,INDIAN MOTORCYCLES INDIAN CHIEFTAIN DARK HORSE,PREMIUM BIKE,2
317,INDIAN MOTORCYCLES INDIAN CHIEFTAIN ELITE,PREMIUM BIKE,2
318,INDIAN MOTORCYCLES INDIAN CHIEFTAIN LIMITED,PREMIUM BIKE,2
319,INDIAN MOTORCYCLES INDIAN FTR 1200 S,PREMIUM BIKE,2
320,INDIAN MOTORCYCLES INDIAN ROADMASTER,PREMIUM BIKE,2
321,INDIAN MOTORCYCLES INDIAN ROADMASTER CLASSIC,PREMIUM BIKE,2
322,INDIAN MOTORCYCLES INDIAN ROADMASTER ELITE,PREMIUM BIKE,2
323,INDIAN MOTORCYCLES INDIAN SCOUT,PREMIUM BIKE,2
324,INDIAN MOTORCYCLES INDIAN SCOUT BOBBER,PREMIUM BIKE,2
325,INDIAN MOTORCYCLES INDIAN SCOUT SIXTY,PREMIUM BIKE,2
326,INDIAN MOTORCYCLES INDIAN SPRINGFIELD  ,PREMIUM BIKE,2
327,INDIAN MOTORCYCLES INDIAN SPRINGFIELD DARK HORSE,PREMIUM BIKE,2
328,INDIAN MOTORCYCLES NOT IN LIST,PREMIUM BIKE,2
329,JAWA MOTORCYCLES 90TH ANNIVERSARY EDITION,PREMIUM BIKE,2
330,JAWA MOTORCYCLES JAWA,PREMIUM BIKE,2
331,JAWA MOTORCYCLES JAWA 42,PREMIUM BIKE,2
332,JAWA MOTORCYCLES NOT IN LIST,PREMIUM BIKE,2
333,JAWA MOTORCYCLES PERAK,PREMIUM BIKE,2
334,KAWASAKI ER-6N,PREMIUM BIKE,2
335,KAWASAKI KLX 110,PREMIUM BIKE,2
336,KAWASAKI KLX 140,PREMIUM BIKE,2
337,KAWASAKI KLX 450 R,PREMIUM BIKE,2
338,KAWASAKI KX 100,PREMIUM BIKE,2
339,KAWASAKI KX 250,PREMIUM BIKE,2
340,KAWASAKI KX 450 F,PREMIUM BIKE,2
341,KAWASAKI NINJA 1000,PREMIUM BIKE,2
342,KAWASAKI NINJA 300,PREMIUM BIKE,2
343,KAWASAKI NINJA 400,PREMIUM BIKE,2
344,KAWASAKI NINJA 650,PREMIUM BIKE,2
345,KAWASAKI NINJA H2 ,PREMIUM BIKE,2
346,KAWASAKI NINJA H2 SX,PREMIUM BIKE,2
347,KAWASAKI NINJA ZX-10R,PREMIUM BIKE,2
348,KAWASAKI NINJA ZX-14R,PREMIUM BIKE,2
349,KAWASAKI NINJA ZX-6R,PREMIUM BIKE,2
350,KAWASAKI NOT IN LIST,PREMIUM BIKE,2
351,KAWASAKI VERSYS 1000,PREMIUM BIKE,2
352,KAWASAKI VERSYS 650,PREMIUM BIKE,2
353,KAWASAKI VERSYS X 300,PREMIUM BIKE,2
354,KAWASAKI VULCAN S,PREMIUM BIKE,2
355,KAWASAKI Z 650,PREMIUM BIKE,2
356,KAWASAKI Z 900 ,PREMIUM BIKE,2
357,KAWASAKI Z 900RS,PREMIUM BIKE,2
358,KAWASAKI Z1000,PREMIUM BIKE,2
359,KAWASAKI Z250,PREMIUM BIKE,2
360,KAWASAKI Z800,PREMIUM BIKE,2
361,KAWASAKI ZX-10RR,PREMIUM BIKE,2
362,KTM 1090 ADVENTURE,PREMIUM BIKE,2
363,KTM 125 DUKE,PREMIUM BIKE,2
364,KTM 1290 SUPER ADVENTURE,PREMIUM BIKE,2
365,KTM 200 DUKE,PREMIUM BIKE,2
366,KTM 250 ADVENTURE,PREMIUM BIKE,2
367,KTM 250 DUKE,PREMIUM BIKE,2
368,KTM 390 ADVENTURE,PREMIUM BIKE,2
369,KTM 390 DUKE,PREMIUM BIKE,2
370,KTM 690 ADVENTURE,PREMIUM BIKE,2
371,KTM 690 DUKE,PREMIUM BIKE,2
372,KTM 690 SMC,PREMIUM BIKE,2
373,KTM 790 ADVENTURE,PREMIUM BIKE,2
374,KTM 790 DUKE,PREMIUM BIKE,2
375,KTM ELECTRIC BALANCE BIKES,PREMIUM BIKE,2
376,KTM NOT IN LIST,PREMIUM BIKE,2
377,KTM RC 125,PREMIUM BIKE,2
378,KTM RC 125 2022,PREMIUM BIKE,2
379,KTM RC 200,PREMIUM BIKE,2
380,KTM RC 200 2022,PREMIUM BIKE,2
381,KTM RC 390,PREMIUM BIKE,2
382,KTM RC 390 2022,PREMIUM BIKE,2
383,KTM REPLICA12EDRIVE,PREMIUM BIKE,2
384,KTM REPLICA16EDRIVE,PREMIUM BIKE,2
385,LI-IONS NOT IN LIST,BUDGET ELECTRIC 2W,2
386,LI-IONS SPOCK,BUDGET ELECTRIC 2W,2
387,LOHIA NOT IN LIST,BUDGET ELECTRIC 2W,2
388,LOHIA OMA STAR,BUDGET ELECTRIC 2W,2
389,LOHIA OMA STAR LI,BUDGET ELECTRIC 2W,2
390,MAHINDRA CENTURO,BELOW 150CC BIKE,2
391,MAHINDRA CENTURO ROCKSTAR,BELOW 150CC BIKE,2
392,MAHINDRA DURO DZ,BUDGET SCOOTER,2
393,MAHINDRA FLYTE,BUDGET SCOOTER,2
394,MAHINDRA GENZE,BUDGET SCOOTER,2
395,MAHINDRA GUSTO,BUDGET SCOOTER,2
396,MAHINDRA GUSTO 125,BUDGET SCOOTER,2
397,MAHINDRA KINE,BUDGET SCOOTER,2
398,MAHINDRA MOJO,BUDGET SCOOTER,2
399,MAHINDRA MOJO UT 300,BUDGET SCOOTER,2
400,MAHINDRA MOJO XT 300,BUDGET SCOOTER,2
401,MAHINDRA NOT IN LIST,BUDGET SCOOTER,2
402,MAHINDRA PANTERO,BELOW 150CC BIKE,2
403,MAHINDRA RODEO RZ,BUDGET SCOOTER,2
404,MAHINDRA RODEO UZO 125,BUDGET SCOOTER,2
405,MAHINDRA SCRAMBLER,PREMIUM BIKE,2
406,MOTO GUZZI AUDACE,PREMIUM BIKE,2
407,MOTO GUZZI CALIFORNIA 1400,PREMIUM BIKE,2
408,MOTO GUZZI EL DORADO,PREMIUM BIKE,2
409,MOTO GUZZI GRISO 1200 8 V,PREMIUM BIKE,2
410,MOTO GUZZI MGX-21,PREMIUM BIKE,2
411,MOTO GUZZI NOT IN LIST,PREMIUM BIKE,2
412,MOTO GUZZI V85TT,PREMIUM BIKE,2
413,MOTO GUZZI V9,PREMIUM BIKE,2
414,MOTO MORINI NOT IN LIST,PREMIUM BIKE,2
415,MV AGUSTA BRUTALE 1090,PREMIUM BIKE,2
416,MV AGUSTA BRUTALE 800,PREMIUM BIKE,2
417,MV AGUSTA DRAGSTER 800 RR,PREMIUM BIKE,2
418,MV AGUSTA F3 800,PREMIUM BIKE,2
419,MV AGUSTA F4,PREMIUM BIKE,2
420,MV AGUSTA NOT IN LIST,PREMIUM BIKE,2
421,MV AGUSTA TURISMO VELOCE 800,PREMIUM BIKE,2
422,NORTON COMMANDO 961 CAFE RACER,PREMIUM BIKE,2
423,NORTON COMMANDO 961 SPORT,PREMIUM BIKE,2
424,NORTON DOMINATOR,PREMIUM BIKE,2
425,NORTON NOT IN LIST,PREMIUM BIKE,2
426,OKINAWA I PRAISE,BUDGET ELECTRIC 2W,2
427,OKINAWA I PRAISE PLUS,BUDGET ELECTRIC 2W,2
428,OKINAWA LITE,BUDGET ELECTRIC 2W,2
429,OKINAWA NOT IN LIST,BUDGET ELECTRIC 2W,2
430,OKINAWA PRAISE,BUDGET ELECTRIC 2W,2
431,OKINAWA PRAISE PRO,BUDGET ELECTRIC 2W,2
432,OKINAWA R30,BUDGET ELECTRIC 2W,2
433,OKINAWA RAISE,BUDGET ELECTRIC 2W,2
434,OKINAWA RIDGE,BUDGET ELECTRIC 2W,2
435,OKINAWA RIDGE PLUS,BUDGET ELECTRIC 2W,2
436,PALATINO ANGEL,BUDGET ELECTRIC 2W,2
437,PALATINO NOT IN LIST,BUDGET ELECTRIC 2W,2
438,PALATINO PRINCESS,BUDGET ELECTRIC 2W,2
439,PALATINO RYAN,BUDGET ELECTRIC 2W,2
440,PALATINO SPYKER,BUDGET ELECTRIC 2W,2
441,PALATINO SUNSHINE,BUDGET ELECTRIC 2W,2
442,PEUGEOT ELECTRIC,BUDGET ELECTRIC 2W,2
443,PEUGEOT SCOOTER,BUDGET ELECTRIC 2W,2
444,REGAL RAPTOR BOBBER,PREMIUM BIKE,2
445,REGAL RAPTOR DAYTONA,PREMIUM BIKE,2
446,REGAL RAPTOR DD350E,PREMIUM BIKE,2
447,REGAL RAPTOR NOT IN LIST,PREMIUM BIKE,2
448,REVOLT MOTORS NOT IN LIST,PREMIUM BIKE,2
449,REVOLT MOTORS RV300,BUDGET ELECTRIC 2W,2
450,REVOLT MOTORS RV400,BUDGET ELECTRIC 2W,2
451,ROYAL ENFIELD  BULLET 350,PREMIUM BIKE,2
452,ROYAL ENFIELD  BULLET 500,PREMIUM BIKE,2
453,ROYAL ENFIELD  BULLET ELECTRA,PREMIUM BIKE,2
454,ROYAL ENFIELD  BULLET TRIALS 350,PREMIUM BIKE,2
455,ROYAL ENFIELD  BULLET TRIALS 500,PREMIUM BIKE,2
456,ROYAL ENFIELD  CLASSIC 350,PREMIUM BIKE,2
457,ROYAL ENFIELD  CLASSIC 500,PREMIUM BIKE,2
458,ROYAL ENFIELD  CLASSIC BATTLE GREEN,PREMIUM BIKE,2
459,ROYAL ENFIELD  CLASSIC CHROME,PREMIUM BIKE,2
460,ROYAL ENFIELD  CLASSIC DESERT STORM,PREMIUM BIKE,2
461,ROYAL ENFIELD  CONTINENTAL GT,PREMIUM BIKE,2
462,ROYAL ENFIELD  CONTINENTAL GT 650,PREMIUM BIKE,2
463,ROYAL ENFIELD  HIMALAYAN,PREMIUM BIKE,2
464,ROYAL ENFIELD  INTERCEPTOR 650,PREMIUM BIKE,2
465,ROYAL ENFIELD  METEOR,PREMIUM BIKE,2
466,ROYAL ENFIELD  NOT IN LIST,PREMIUM BIKE,2
467,ROYAL ENFIELD  THUNDERBIRD 350,PREMIUM BIKE,2
468,ROYAL ENFIELD  THUNDERBIRD 350X,PREMIUM BIKE,2
469,ROYAL ENFIELD  THUNDERBIRD 500,PREMIUM BIKE,2
470,ROYAL ENFIELD  THUNDERBIRD 500X,PREMIUM BIKE,2
471,ROYAL ENFIELD SCRAM 411,PREMIUM BIKE,2
472,ROYAL ENFIELD RUMBLER,PREMIUM BIKE,2
473,SUZUKI ACCESS 125,BUDGET SCOOTER,2
474,SUZUKI ACCESS 125 (SE),BUDGET SCOOTER,2
475,SUZUKI BANDIT 1250SA,PREMIUM BIKE,2
476,SUZUKI BURGMAN STREET,BUDGET SCOOTER,2
477,SUZUKI DR-Z50,PREMIUM BIKE,2
478,SUZUKI GIXXER,PREMIUM BIKE,2
479,SUZUKI GIXXER 250,PREMIUM BIKE,2
480,SUZUKI GIXXER SF,PREMIUM BIKE,2
481,SUZUKI GIXXER SF 250,PREMIUM BIKE,2
482,SUZUKI GS150R,PREMIUM BIKE,2
483,SUZUKI GSX S 1000F,PREMIUM BIKE,2
484,SUZUKI GSX S1000,PREMIUM BIKE,2
485,SUZUKI GSX S750,PREMIUM BIKE,2
486,SUZUKI GSX-R1000,PREMIUM BIKE,2
487,SUZUKI HAYABUSA,PREMIUM BIKE,2
488,SUZUKI HAYABUSA Z,PREMIUM BIKE,2
489,SUZUKI HAYATE,BELOW 150CC BIKE,2
490,SUZUKI INTRUDER 150,151CC TO 350 CC BIKE ,2
491,SUZUKI INTRUDER M1800R,PREMIUM BIKE,2
492,SUZUKI INTRUDER M1800R (B.O.S.S.),PREMIUM BIKE,2
493,SUZUKI INTRUDER M800,PREMIUM BIKE,2
494,SUZUKI LETS,BUDGET SCOOTER,2
495,SUZUKI NOT IN LIST,PREMIUM BIKE,2
496,SUZUKI RM Z250,PREMIUM BIKE,2
497,SUZUKI RM Z450,PREMIUM BIKE,2
498,SUZUKI SLINGSHOT PLUS,BELOW 150CC BIKE,2
499,SUZUKI SWISH 125,BUDGET SCOOTER,2
500,SUZUKI V-STROM SX,PREMIUM BIKE,2
501,SUZUKI V-STROM 1000,PREMIUM BIKE,2
502,SUZUKI V-STROM 650 XT,PREMIUM BIKE,2
503,SWM BIKES NOT IN LIST,PREMIUM BIKE,2
504,SWM BIKES SUPERDUAL T,PREMIUM BIKE,2
505,TORK  NOT IN LIST,PREMIUM BIKE,2
506,TORK  T6X,PREMIUM BIKE,2
507,TRIUMPH MOTORCYCLES BONNEVILLE,PREMIUM BIKE,2
508,TRIUMPH MOTORCYCLES BONNEVILLE BOBBER,PREMIUM BIKE,2
509,TRIUMPH MOTORCYCLES BONNEVILLE T100,PREMIUM BIKE,2
510,TRIUMPH MOTORCYCLES BONNEVILLE T120,PREMIUM BIKE,2
511,TRIUMPH MOTORCYCLES DAYTONA 675 ABS,PREMIUM BIKE,2
512,TRIUMPH MOTORCYCLES DAYTONA 675R,PREMIUM BIKE,2
513,TRIUMPH MOTORCYCLES NOT IN LIST,PREMIUM BIKE,2
514,TRIUMPH MOTORCYCLES ROCKET III  ,PREMIUM BIKE,2
515,TRIUMPH MOTORCYCLES ROCKET III ROADSTER,PREMIUM BIKE,2
516,TRIUMPH MOTORCYCLES SPEED MASTER,PREMIUM BIKE,2
517,TRIUMPH MOTORCYCLES SPEED TRIPLE,PREMIUM BIKE,2
518,TRIUMPH MOTORCYCLES SPEED TRIPLE ABS,PREMIUM BIKE,2
519,TRIUMPH MOTORCYCLES STREET SCRAMBLER,PREMIUM BIKE,2
520,TRIUMPH MOTORCYCLES STREET TRIPLE  ,PREMIUM BIKE,2
521,TRIUMPH MOTORCYCLES STREET TRIPLE ABS,PREMIUM BIKE,2
522,TRIUMPH MOTORCYCLES STREET TWIN,PREMIUM BIKE,2
523,TRIUMPH MOTORCYCLES THRUXTON R,PREMIUM BIKE,2
524,TRIUMPH MOTORCYCLES THUNDERBIRD,PREMIUM BIKE,2
525,TRIUMPH MOTORCYCLES THUNDERBIRD LT,PREMIUM BIKE,2
526,TRIUMPH MOTORCYCLES THUNDERBIRD STORM,PREMIUM BIKE,2
527,TRIUMPH MOTORCYCLES TIGER 1200,PREMIUM BIKE,2
528,TRIUMPH MOTORCYCLES TIGER 800  ,PREMIUM BIKE,2
529,TRIUMPH MOTORCYCLES TIGER 800 XC,PREMIUM BIKE,2
530,TRIUMPH MOTORCYCLES TIGER 800 XR,PREMIUM BIKE,2
531,TRIUMPH MOTORCYCLES TIGER 800 XRX,PREMIUM BIKE,2
532,TRIUMPH MOTORCYCLES TIGER EXPLORER,PREMIUM BIKE,2
533,TRIUMPH MOTORCYCLES TIGER EXPLORER XC,PREMIUM BIKE,2
534,TRIUMPH MOTORCYCLES TIGER SPORT,PREMIUM BIKE,2
535,TVS APACHE 180,151CC TO 350 CC BIKE ,2
536,TVS APACHE 220,151CC TO 350 CC BIKE ,2
537,TVS APACHE 250,151CC TO 350 CC BIKE ,2
538,TVS APACHE RR 310,151CC TO 350 CC BIKE ,2
539,TVS APACHE RTR ,151CC TO 350 CC BIKE ,2
540,TVS APACHE RTR 160,151CC TO 350 CC BIKE ,2
541,TVS APACHE RTR 160 4V,151CC TO 350 CC BIKE ,2
542,TVS APACHE RTR 180,151CC TO 350 CC BIKE ,2
543,TVS APACHE RTR 200 4V RACE EDITION,151CC TO 350 CC BIKE ,2
544,TVS APACHE RTR 220,151CC TO 350 CC BIKE ,2
545,TVS APACHE RTR 300 FX,151CC TO 350 CC BIKE ,2
546,TVS CREON,BUDGET ELECTRIC 2W,2
547,TVS DRAKEN,PREMIUM BIKE,2
548,TVS FLAME,BELOW 150CC BIKE,2
549,TVS FLAME SR 125,BELOW 150CC BIKE,2
550,TVS GRAPHITE,BUDGET SCOOTER,2
551,TVS HLX 100,BELOW 150CC BIKE,2
552,TVS HLX 125,BELOW 150CC BIKE,2
553,TVS IQUBE,BUDGET ELECTRIC 2W,2
554,TVS JIVE,BELOW 150CC BIKE,2
555,TVS JUPITER,BUDGET SCOOTER,2
556,TVS JUPITER 125,BUDGET SCOOTER,2
557,TVS JUPITER GRANDE,BUDGET SCOOTER,2
558,TVS LX,BELOW 150CC BIKE,2
559,TVS MAX 100,BELOW 150CC BIKE,2
560,TVS MAX4R,BELOW 150CC BIKE,2
561,TVS METRO,BELOW 150CC BIKE,2
562,TVS NEO X31,BUDGET SCOOTER,2
563,TVS NOT IN LIST,PREMIUM BIKE,2
564,TVS NTORQ 125,BUDGET SCOOTER,2
565,TVS PHOENIX,BELOW 150CC BIKE,2
566,TVS RADEON,BELOW 150CC BIKE,2
567,TVS RAIDER,BELOW 150CC BIKE,2
568,TVS ROCKZ,BUDGET SCOOTER,2
569,TVS SCOOTY,BUDGET SCOOTER,2
570,TVS SCOOTY PEP,BUDGET SCOOTER,2
571,TVS SCOOTY PEP PLUS,BUDGET SCOOTER,2
572,TVS SCOOTY STREAK,BUDGET SCOOTER,2
573,TVS SCOOTY ZEST,BUDGET SCOOTER,2
574,TVS SCOOTY ZEST 110,BUDGET SCOOTER,2
575,TVS SPORT,BELOW 150CC BIKE,2
576,TVS STAR,BELOW 150CC BIKE,2
577,TVS STAR CITY,BELOW 150CC BIKE,2
578,TVS STAR CITY PLUS,BELOW 150CC BIKE,2
579,TVS STAR SPORT,BELOW 150CC BIKE,2
580,TVS VICTOR,BELOW 150CC BIKE,2
581,TVS WEGO,BUDGET SCOOTER,2
582,TVS XL100,BELOW 150CC BIKE,2
583,TVS ZEPPELIN,PREMIUM BIKE,2
584,ULTRAVIOLETTE F77,PREMIUM BIKE,2
585,ULTRAVIOLETTE NOT IN LIST,PREMIUM BIKE,2
586,UM NOT IN LIST,PREMIUM BIKE,2
587,UM RENEGADE COMMANDO,PREMIUM BIKE,2
588,UM RENEGADE COMMANDO CLASSIC,PREMIUM BIKE,2
589,UM RENEGADE COMMANDO MOJAVE,PREMIUM BIKE,2
590,UM RENEGADE SPORTS S,PREMIUM BIKE,2
591,VESPA ELEGANTE,BUDGET SCOOTER,2
592,VESPA ELEGANTE 150,BUDGET SCOOTER,2
593,VESPA ELETTRICA,BUDGET ELECTRIC 2W,2
594,VESPA GTS SUPER 125,BUDGET SCOOTER,2
595,VESPA LIBERTY 3V,BUDGET SCOOTER,2
596,VESPA LX 125,BUDGET SCOOTER,2
597,VESPA NOT IN LIST,BUDGET SCOOTER,2
598,VESPA RED 125,BUDGET SCOOTER,2
599,VESPA S,BUDGET SCOOTER,2
600,VESPA SXL 125,BUDGET SCOOTER,2
601,VESPA SXL 150,BUDGET SCOOTER,2
602,VESPA VESPA NOTTE 125,BUDGET SCOOTER,2
603,VESPA VX,BUDGET SCOOTER,2
604,VESPA VXL 125,BUDGET SCOOTER,2
605,VESPA VXL 150,BUDGET SCOOTER,2
606,YAMAHA AEROX 155,BUDGET SCOOTER,2
607,YAMAHA ALPHA,BUDGET SCOOTER,2
608,YAMAHA CRUX,BELOW 150CC BIKE,2
609,YAMAHA FASCINO,BUDGET SCOOTER,2
610,YAMAHA FAZER 25,PREMIUM BIKE,2
611,YAMAHA FAZER FI,BELOW 150CC BIKE,2
612,YAMAHA FZ,151CC TO 350 CC BIKE ,2
613,YAMAHA FZ 1,PREMIUM BIKE,2
614,YAMAHA FZ 25,PREMIUM BIKE,2
615,YAMAHA FZ FI,BELOW 150CC BIKE,2
616,YAMAHA FZ S FI,BELOW 150CC BIKE,2
617,YAMAHA FZS ,151CC TO 350 CC BIKE ,2
618,YAMAHA FZS 25,151CC TO 350 CC BIKE ,2
619,YAMAHA FZX,151CC TO 350 CC BIKE ,2
620,YAMAHA MT 03,PREMIUM BIKE,2
621,YAMAHA MT 09,PREMIUM BIKE,2
622,YAMAHA MT 15,PREMIUM BIKE,2
623,YAMAHA MT 15 CYW,PREMIUM BIKE,2
624,YAMAHA MTO GP EDITION,PREMIUM BIKE,2
625,YAMAHA N MAX 155,PREMIUM BIKE,2
626,YAMAHA NOT IN LIST,PREMIUM BIKE,2
627,YAMAHA R15 M,PREMIUM BIKE,2
628,YAMAHA R15 V4,PREMIUM BIKE,2
629,YAMAHA RAY,BUDGET SCOOTER,2
630,YAMAHA RAY ZR,BUDGET SCOOTER,2
631,YAMAHA RAY-Z,BUDGET SCOOTER,2
632,YAMAHA RX 100,BELOW 150CC BIKE,2
633,YAMAHA RX 135,BELOW 150CC BIKE,2
634,YAMAHA SALUTO,BELOW 150CC BIKE,2
635,YAMAHA SALUTO RX,BELOW 150CC BIKE,2
636,YAMAHA SS 125,BELOW 150CC BIKE,2
637,YAMAHA SZ-RR ,BELOW 150CC BIKE,2
638,YAMAHA SZ-RR BLUE CORE,BELOW 150CC BIKE,2
639,YAMAHA SZ-S,BELOW 150CC BIKE,2
640,YAMAHA VMAX (1679CC) ,PREMIUM BIKE,2
641,YAMAHA YBR 110,BELOW 150CC BIKE,2
642,YAMAHA YBR 125,BELOW 150CC BIKE,2
643,YAMAHA YZF R1,PREMIUM BIKE,2
644,YAMAHA YZF R15,PREMIUM BIKE,2
645,YAMAHA YZF R15 V3,PREMIUM BIKE,2
646,YAMAHA YZF R15S,PREMIUM BIKE,2
647,YAMAHA YZF R1M,PREMIUM BIKE,2
648,YAMAHA YZF R3,PREMIUM BIKE,2
649,OLA ELECTRIC,BUDGET ELECTRIC 2W,2
650,YAMAHA ROYAL STAR,351CC TO 500 CC BIKE,2
651,HERO VIDA,BUDGET ELECTRIC 2W,2
652,HONDA HNESS,151CC TO 350 CC BIKE ,2
653,YEZDI ROADSTER,351CC TO 500 CC BIKE,2
654,YEZDI SCRAMBLER,351CC TO 500 CC BIKE,2
655,YEZDI ADVENTURE,351CC TO 500 CC BIKE,2
656,TVS RONIN 225,151CC TO 350 CC BIKE ,2
657,PURE EV ENTRANCE NEO,BUDGET ELECTRIC 2W,2
658,PURE EV EPLUTO 7G,PREMIUM ELECTRIC 2W,2
659,PURE EV ETRYST 350,PREMIUM ELECTRIC 2W,2
660,BOUNCE INFINITY E1,BUDGET ELECTRIC 2W,2
661,ASTON MARTIN DB11,SIMPLY PREMIUM,4
662,ASTON MARTIN NOT IN LIST,SIMPLY PREMIUM,4
663,ASTON MARTIN VANQUISH,SIMPLY PREMIUM,4
664,ASTON MARTIN VANTAGE,SIMPLY PREMIUM,4
665,AUDI A3,LUXURY,4
666,AUDI A3 CABRIOLET,LUXURY,4
667,AUDI A4,LUXURY,4
668,AUDI A5,LUXURY,4
669,AUDI A5 CABRIOLET,LUXURY,4
670,AUDI A6,LUXURY,4
671,AUDI A8,SIMPLY PREMIUM,4
672,AUDI A8-L,SIMPLY PREMIUM,4
673,AUDI E-TRON,ELECTRIC PREMIUM,4
674,AUDI NOT IN LIST,LUXURY,4
675,AUDI Q2,LUXURY,4
676,AUDI Q3,LUXURY,4
677,AUDI Q5,LUXURY,4
678,AUDI Q7,LUXURY,4
679,AUDI Q8,LUXURY,4
680,AUDI R8,SIMPLY PREMIUM,4
681,AUDI RS 5,LUXURY,4
682,AUDI RS6,SIMPLY PREMIUM,4
683,AUDI RS7,SIMPLY PREMIUM,4
684,AUDI S5,SIMPLY PREMIUM,4
685,AUDI TT,SIMPLY PREMIUM,4
686,BAJAJ QUTE RE60,HATCHBACK,4
687,BENTLEY ARNAGE ,SIMPLY PREMIUM,4
688,BENTLEY BENTAYGA,SIMPLY PREMIUM,4
689,BENTLEY CONTINENTAL,SIMPLY PREMIUM,4
690,BENTLEY CONTINENTAL GT,SIMPLY PREMIUM,4
691,BENTLEY FLYING SPUR,SIMPLY PREMIUM,4
692,BENTLEY MULSANNE,SIMPLY PREMIUM,4
693,BENTLEY NEW FLYING SPUR V8,SIMPLY PREMIUM,4
694,BENTLEY NOT IN LIST,SIMPLY PREMIUM,4
695,BIRD ELECTRIC EV1,ELECTRIC BUDGET,4
696,BMW  1 SERIES 5-DOOR,LUXURY,4
697,BMW  3 SERIES,LUXURY,4
698,BMW  3 SERIES GT,LUXURY,4
699,BMW  5 SERIES,SIMPLY PREMIUM,4
700,BMW  6 SERIES,SIMPLY PREMIUM,4
701,BMW  7 SERIES,SIMPLY PREMIUM,4
702,BMW  8 SERIES,SIMPLY PREMIUM,4
703,BMW  ACTIVEHYBRID 7,SIMPLY PREMIUM,4
704,BMW  I3S,ELECTRIC PREMIUM,4
705,BMW  I8,ELECTRIC PREMIUM,4
706,BMW  M SERIES,SIMPLY PREMIUM,4
707,BMW  M2,SIMPLY PREMIUM,4
708,BMW  M3,SIMPLY PREMIUM,4
709,BMW  M4,SIMPLY PREMIUM,4
710,BMW  M4 COUPE,SIMPLY PREMIUM,4
711,BMW  M5,SIMPLY PREMIUM,4
712,BMW  M6 GRAN COUPE,SIMPLY PREMIUM,4
713,BMW  NOT IN LIST,SIMPLY PREMIUM,4
714,BMW  X1,PREMIUM SUV,4
715,BMW  X3,PREMIUM SUV,4
716,BMW  X4,PREMIUM SUV,4
717,BMW  X5,PREMIUM SUV,4
718,BMW  X7,PREMIUM SUV,4
719,BMW  Z 4,PREMIUM SUV,4
720,BUGATTI DIVO,SIMPLY PREMIUM,4
721,BUGATTI GRAND PRIX,SIMPLY PREMIUM,4
722,BUGATTI NOT IN LIST,SIMPLY PREMIUM,4
723,BUGATTI VEYRON,SIMPLY PREMIUM,4
724,CHEVROLET AVEO,HATCHBACK,4
725,CHEVROLET AVEO U-VA,HATCHBACK,4
726,CHEVROLET BEAT,HATCHBACK,4
727,CHEVROLET CAPTIVA,SUV,4
728,CHEVROLET CRUZE,LUXURY,4
729,CHEVROLET ENJOY,SUV,4
730,CHEVROLET NOT IN LIST,LUXURY,4
731,CHEVROLET OPTRA,SEDAN,4
732,CHEVROLET SAIL,SEDAN,4
733,CHEVROLET SAIL HATCHBACK,HATCHBACK,4
734,CHEVROLET SPARK,HATCHBACK,4
735,CHEVROLET TAVERA,SUV,4
736,CITROEN C5 AIRCROSS,SUV,4
737,CITROEN NEW C3,HATCHBACK,4
738,CITROEN NEW C5 AIRCROSS SUV,SUV,4
739,CITROEN NOT IN LIST,LUXURY,4
740,DATSUN GO,HATCHBACK,4
741,DATSUN GO CROSS,HATCHBACK,4
742,DATSUN GO PLUS,HATCHBACK,4
743,DATSUN NOT IN LIST,LUXURY,4
744,DATSUN REDI-GO,HATCHBACK,4
745,DC CARS AVANTI,SIMPLY PREMIUM,4
746,DC CARS NOT IN LIST,SIMPLY PREMIUM,4
747,FERRARI 458,SIMPLY PREMIUM,4
748,FERRARI 458 SPECIALE,SIMPLY PREMIUM,4
749,FERRARI 488,SIMPLY PREMIUM,4
750,FERRARI 488 GTB,SIMPLY PREMIUM,4
751,FERRARI 812 SUPER FAST,SIMPLY PREMIUM,4
752,FERRARI 812 SUPERFAST,SIMPLY PREMIUM,4
753,FERRARI CALIFORNIA  T,SIMPLY PREMIUM,4
754,FERRARI FF,SIMPLY PREMIUM,4
755,FERRARI GTC4LUSSO,SIMPLY PREMIUM,4
756,FERRARI NOT IN LIST,SIMPLY PREMIUM,4
757,FERRARI PORTOFINO,SIMPLY PREMIUM,4
758,FIAT ABARTH 595,HATCHBACK,4
759,FIAT ABARTH AVVENTURA,HATCHBACK,4
760,FIAT ABARTH PUNTO,HATCHBACK,4
761,FIAT AVVENTURA,HATCHBACK,4
762,FIAT AVVENTURA URBAN CROSS,HATCHBACK,4
763,FIAT LINEA,SEDAN,4
764,FIAT LINEA 125S,SEDAN,4
765,FIAT NOT IN LIST,LUXURY,4
766,FIAT PUNTO EVO,HATCHBACK,4
767,FIAT PUNTO PURE,HATCHBACK,4
768,FIAT URBAN CROSS,HATCHBACK,4
769,FORCE GURKHA,SUV,4
770,FORCE NOT IN LIST,LUXURY,4
771,FORCE ONE,SUV,4
772,FORD ASPIRE,SEDAN,4
773,FORD CLASSIC,SEDAN,4
774,FORD ECOSPORT,SUV,4
775,FORD ENDEAVOUR,PREMIUM SUV,4
776,FORD FIESTA,SEDAN,4
777,FORD FIGO,HATCHBACK,4
778,FORD FOCUS,HATCHBACK,4
779,FORD FREESTYLE,SEDAN,4
780,FORD IKON,SEDAN,4
781,FORD MUSTANG,SIMPLY PREMIUM,4
782,FORD NOT IN LIST,LUXURY,4
783,GREAT WALL MOTOR F7,SIMPLY PREMIUM,4
784,GREAT WALL MOTOR HAVAL F5,SIMPLY PREMIUM,4
785,GREAT WALL MOTOR HAVAL F7X,SIMPLY PREMIUM,4
786,GREAT WALL MOTOR NOT IN LIST,SIMPLY PREMIUM,4
787,GREAT WALL MOTOR R1,ELECTRIC BUDGET,4
788,HINDUSTAN MOTORS AMBASSADOR,SEDAN,4
789,HINDUSTAN MOTORS NOT IN LIST,SEDAN,4
790,HONDA ACCORD,SEDAN,4
791,HONDA AMAZE,HATCHBACK,4
792,HONDA BRIO,HATCHBACK,4
793,HONDA BRV,HATCHBACK,4
794,HONDA CITY,SEDAN,4
795,HONDA CIVIC,SEDAN,4
796,HONDA CR-V,PREMIUM SUV,4
797,HONDA JAZZ,HATCHBACK,4
798,HONDA MOBILIO,SUV,4
799,HONDA WRV,SUV,4
800,HYUNDAI ACCENT,SEDAN,4
801,HYUNDAI ALCAZAR,SUV,4
802,HYUNDAI AURA,SEDAN,4
803,HYUNDAI CRETA,SUV,4
804,HYUNDAI ELANTRA,SEDAN,4
805,HYUNDAI ELITE I20,SEDAN,4
806,HYUNDAI EON,HATCHBACK,4
807,HYUNDAI FLUIDIC I20,SEDAN,4
808,HYUNDAI GRAND I10,HATCHBACK,4
809,HYUNDAI GRAND I10 NIOS,HATCHBACK,4
810,HYUNDAI I10,HATCHBACK,4
811,HYUNDAI I20,SEDAN,4
812,HYUNDAI I20 N LINE,SEDAN,4
813,HYUNDAI I30,SEDAN,4
814,HYUNDAI IONIQ,ELECTRIC BUDGET,4
815,HYUNDAI KONA,ELECTRIC PREMIUM,4
816,HYUNDAI NEO FLUIDIC ELANTRA,SEDAN,4
817,HYUNDAI NEXO,ELECTRIC PREMIUM,4
818,HYUNDAI NOT IN LIST,LUXURY,4
819,HYUNDAI SANTA FE,PREMIUM SUV,4
820,HYUNDAI SANTRO,HATCHBACK,4
821,HYUNDAI SANTRO XING,HATCHBACK,4
822,HYUNDAI SONATA,SEDAN,4
823,HYUNDAI TUCSON,PREMIUM SUV,4
824,HYUNDAI VENUE,SUV,4
825,HYUNDAI VERNA,SEDAN,4
826,HYUNDAI XCENT,SEDAN,4
827,HYUNDAI XCENT PRIME,SEDAN,4
828,ISUZU D-MAX V-CROSS,PREMIUM SUV,4
829,ISUZU MU7,PREMIUM SUV,4
830,ISUZU MUX,PREMIUM SUV,4
831,ISUZU NOT IN LIST,PREMIUM SUV,4
832,JAGUAR EPACE,SIMPLY PREMIUM,4
833,JAGUAR F-PACE,SIMPLY PREMIUM,4
834,JAGUAR F-TYPE,SIMPLY PREMIUM,4
835,JAGUAR NOT IN LIST,SIMPLY PREMIUM,4
836,JAGUAR XE,SIMPLY PREMIUM,4
837,JAGUAR XF,SIMPLY PREMIUM,4
838,JAGUAR XJ,SIMPLY PREMIUM,4
839,JEEP COMPASS,PREMIUM SUV,4
840,JEEP GRAND CHEROKEE,PREMIUM SUV,4
841,JEEP NOT IN LIST,PREMIUM SUV,4
842,JEEP WRANGLER UNLIMITED,PREMIUM SUV,4
843,KIA CARNIVAL,PREMIUM SUV,4
844,KIA CEED,HATCHBACK,4
845,KIA K900,SIMPLY PREMIUM,4
846,KIA NOT IN LIST,SIMPLY PREMIUM,4
847,KIA PICANTO,HATCHBACK,4
848,KIA RIO,SEDAN,4
849,KIA SELTOS,SUV,4
850,KIA SONET,SUV,4
851,KIA SOUL EV,ELECTRIC BUDGET,4
852,KIA SPORTAGE,PREMIUM SUV,4
853,KIA STINGER,SIMPLY PREMIUM,4
854,LAMBORGHINI AVENTADOR,SIMPLY PREMIUM,4
855,LAMBORGHINI GALLARDO,SIMPLY PREMIUM,4
856,LAMBORGHINI HURACAN,SIMPLY PREMIUM,4
857,LAMBORGHINI HURACAN EVO,SIMPLY PREMIUM,4
858,LAMBORGHINI MURCIELAGO,SIMPLY PREMIUM,4
859,LAMBORGHINI NOT IN LIST,SIMPLY PREMIUM,4
860,LAMBORGHINI URUS,SIMPLY PREMIUM,4
861,LAND ROVER DISCOVERY,PREMIUM SUV,4
862,LAND ROVER DISCOVERY SPORT,PREMIUM SUV,4
863,LAND ROVER FREELANDER,PREMIUM SUV,4
864,LAND ROVER NOT IN LIST,PREMIUM SUV,4
865,RANGE ROVER,PREMIUM SUV,4
866,LAND ROVER RANGE ROVER EVOQUE,PREMIUM SUV,4
867,LAND ROVER RANGE ROVER SPORT,PREMIUM SUV,4
868,LAND ROVER RANGE ROVER VELAR,PREMIUM SUV,4
869,LEXUS ES,SIMPLY PREMIUM,4
870,LEXUS LC,SIMPLY PREMIUM,4
871,LEXUS LS,SIMPLY PREMIUM,4
872,LEXUS LX,SIMPLY PREMIUM,4
873,LEXUS NOT IN LIST,SIMPLY PREMIUM,4
874,LEXUS NX,SIMPLY PREMIUM,4
875,LEXUS RC,SIMPLY PREMIUM,4
876,LEXUS RX,SIMPLY PREMIUM,4
877,MAHINDRA ALTURAS G4,PREMIUM SUV,4
878,MAHINDRA ATOM,ELECTRIC BUDGET,4
879,MAHINDRA BOLERO,SUV,4
880,MAHINDRA BOLERO POWER PLUS,SUV,4
881,MAHINDRA E VERITO,ELECTRIC BUDGET,4
882,MAHINDRA E2O,ELECTRIC BUDGET,4
883,MAHINDRA E2O PLUS,ELECTRIC BUDGET,4
884,MAHINDRA KUV100 NXT,SUV,4
885,MAHINDRA MARAZZO,SUV,4
886,MAHINDRA NUVOSPORT,SUV,4
887,MAHINDRA QUANTO,SUV,4
888,MAHINDRA REVA,ELECTRIC BUDGET,4
889,MAHINDRA REXTON,PREMIUM SUV,4
890,MAHINDRA SCORPIO,SUV,4
891,MAHINDRA SCORPIO GETAWAY,SUV,4
892,MAHINDRA SUPRO,HATCHBACK,4
893,MAHINDRA THAR,SUV,4
894,MAHINDRA TUV 300,SUV,4
895,MAHINDRA TUV 300 PLUS,SUV,4
896,MAHINDRA VERITO,SEDAN,4
897,MAHINDRA VERITO VIBE,SEDAN,4
898,MAHINDRA VERITO VIBE CS,SEDAN,4
899,MAHINDRA XUV 300,SUV,4
900,MAHINDRA XUV 500,SUV,4
901,MAHINDRA XUV 700,SUV,4
902,MAHINDRA XYLO,SUV,4
903,MARUTI SUZUKI 800,HATCHBACK,4
904,MARUTI SUZUKI ALTO ,HATCHBACK,4
905,MARUTI SUZUKI ALTO 800,HATCHBACK,4
906,MARUTI SUZUKI ALTO K10,HATCHBACK,4
907,MARUTI SUZUKI A-STAR,HATCHBACK,4
908,MARUTI SUZUKI BALENO,SEDAN,4
909,MARUTI SUZUKI BALENO RS,SEDAN,4
910,MARUTI SUZUKI CELERIO,HATCHBACK,4
911,MARUTI SUZUKI CELERIO X,HATCHBACK,4
912,MARUTI SUZUKI CIAZ,LUXURY,4
913,MARUTI SUZUKI DZIRE,SEDAN,4
914,MARUTI SUZUKI EECO,SUV,4
915,MARUTI SUZUKI ERTIGA,SUV,4
916,MARUTI SUZUKI GRAND VITARA,PREMIUM SUV,4
917,MARUTI SUZUKI GYPSY,SUV,4
918,MARUTI SUZUKI IGNIS,HATCHBACK,4
919,MARUTI SUZUKI JIMNY,SUV,4
920,MARUTI SUZUKI NOT IN LIST,LUXURY,4
921,MARUTI SUZUKI OMNI,SEDAN,4
922,MARUTI SUZUKI RITZ,HATCHBACK,4
923,MARUTI SUZUKI S-CROSS,SUV,4
924,MARUTI SUZUKI S-PRESSO,SUV,4
925,MARUTI SUZUKI STINGRAY,HATCHBACK,4
926,MARUTI SUZUKI SWIFT,HATCHBACK,4
927,MARUTI SUZUKI SX4,SEDAN,4
928,MARUTI SUZUKI VITARA BREZZA,SEDAN,4
929,MARUTI SUZUKI WAGON R,HATCHBACK,4
930,MARUTI SUZUKI XL6,SUV,4
931,MARUTI SUZUKI ZEN,HATCHBACK,4
932,MASERATI GHIBLI,SIMPLY PREMIUM,4
933,MASERATI GRAN CABRIO,SIMPLY PREMIUM,4
934,MASERATI GRAN TURISMO,SIMPLY PREMIUM,4
935,MASERATI LEVANTE,SIMPLY PREMIUM,4
936,MASERATI NOT IN LIST,SIMPLY PREMIUM,4
937,MASERATI QUATTROPORTE,SIMPLY PREMIUM,4
938,MERCEDES BENZ A-CLASS,LUXURY,4
939,MERCEDES BENZ AMG GT,SIMPLY PREMIUM,4
940,MERCEDES BENZ B-CLASS  ,SIMPLY PREMIUM,4
941,MERCEDES BENZ B-CLASS LUXURY TOURER,SIMPLY PREMIUM,4
942,MERCEDES BENZ C43,SIMPLY PREMIUM,4
943,MERCEDES BENZ C63 AMG,SIMPLY PREMIUM,4
944,MERCEDES BENZ C-CLASS,SIMPLY PREMIUM,4
945,MERCEDES BENZ CLA  ,LUXURY,4
946,MERCEDES BENZ CLA-CLASS,LUXURY,4
947,MERCEDES BENZ CLC COUPE,SIMPLY PREMIUM,4
948,MERCEDES BENZ CLS,SIMPLY PREMIUM,4
949,MERCEDES BENZ E63 AMG,SIMPLY PREMIUM,4
950,MERCEDES BENZ E-CLASS  ,LUXURY,4
951,MERCEDES BENZ E-CLASS ALL-TERRAIN,LUXURY,4
952,MERCEDES BENZ G-CLASS,PREMIUM SUV,4
953,MERCEDES BENZ GLA 45 AMG,PREMIUM SUV,4
954,MERCEDES BENZ GLA-CLASS,PREMIUM SUV,4
955,MERCEDES BENZ GLC,PREMIUM SUV,4
956,MERCEDES BENZ GLE,PREMIUM SUV,4
957,MERCEDES BENZ GLE COUPE,PREMIUM SUV,4
958,MERCEDES BENZ GLS,PREMIUM SUV,4
959,MERCEDES BENZ MAYBACH,SIMPLY PREMIUM,4
960,MERCEDES BENZ M-CLASS,PREMIUM SUV,4
961,MERCEDES BENZ NOT IN LIST,SIMPLY PREMIUM,4
962,MERCEDES BENZ S COUPE,SIMPLY PREMIUM,4
963,MERCEDES BENZ S600,SIMPLY PREMIUM,4
964,MERCEDES BENZ S63 AMG,SIMPLY PREMIUM,4
965,MERCEDES BENZ S-CLASS ,LUXURY,4
966,MERCEDES BENZ SLC,SIMPLY PREMIUM,4
967,MERCEDES BENZ SLK-CLASS ROADSTER,LUXURY,4
968,MERCEDES BENZ V-CLASS,PREMIUM SUV,4
969,MG ASTER,SUV,4
970,MG GLOSTER,PREMIUM SUV,4
971,MG HECTOR,SUV,4
972,MG HECTOR PLUS,SUV,4
973,MG MARVEL X,PREMIUM SUV,4
974,MG MG3,HATCHBACK,4
975,MG MG6,SEDAN,4
976,MG NOT IN LIST,LUXURY,4
977,MG RC6,SEDAN,4
978,MG ZS EV,SIMPLY PREMIUM,4
979,MINI CARS CLUBMAN,SIMPLY PREMIUM,4
980,MINI CARS COOPER,SIMPLY PREMIUM,4
981,MINI CARS COOPER D,SIMPLY PREMIUM,4
982,MINI CARS COOPER S,SIMPLY PREMIUM,4
983,MINI CARS COUNTRYMAN,SIMPLY PREMIUM,4
984,MINI CARS NOT IN LIST,SIMPLY PREMIUM,4
985,MITSUBISHI LANCER,SEDAN,4
986,MITSUBISHI LANCER EVOLUTION,ELECTRIC PREMIUM,4
987,MITSUBISHI MONTERO,PREMIUM SUV,4
988,MITSUBISHI NOT IN LIST,ELECTRIC PREMIUM,4
989,MITSUBISHI OUTLANDER,PREMIUM SUV,4
990,MITSUBISHI PAJERO,PREMIUM SUV,4
991,MITSUBISHI PAJERO SPORT,PREMIUM SUV,4
992,NISSAN EVALIA,SUV,4
993,NISSAN GT-R,SIMPLY PREMIUM,4
994,NISSAN KICKS,SUV,4
995,NISSAN LEAF,HATCHBACK,4
996,NISSAN MAGNITE,SUV,4
997,NISSAN MICRA,HATCHBACK,4
998,NISSAN MICRA ACTIVE,HATCHBACK,4
999,NISSAN NOT IN LIST,LUXURY,4
1000,NISSAN SUNNY,LUXURY,4
1001,NISSAN TERRANO,SUV,4
1002,NISSAN X-TRAIL,SUV,4
1003,PORSCHE 718,SIMPLY PREMIUM,4
1004,PORSCHE 911,SIMPLY PREMIUM,4
1005,PORSCHE BOXSTER,SIMPLY PREMIUM,4
1006,PORSCHE CAYENNE,SIMPLY PREMIUM,4
1007,PORSCHE CAYMAN,SIMPLY PREMIUM,4
1008,PORSCHE MACAN,SIMPLY PREMIUM,4
1009,PORSCHE NOT IN LIST,SIMPLY PREMIUM,4
1010,PORSCHE PANAMERA,SIMPLY PREMIUM,4
1011,PREMIER NOT IN LIST,LUXURY,4
1012,PREMIER RIO,HATCHBACK,4
1013,RENAULT CAPTUR,SUV,4
1014,RENAULT DUSTER,SUV,4
1015,RENAULT FLUENCE,SEDAN,4
1016,RENAULT KIGER,SUV,4
1017,RENAULT KOLEOS,PREMIUM SUV,4
1018,RENAULT KWID,HATCHBACK,4
1019,RENAULT KWID EV,ELECTRIC BUDGET,4
1020,RENAULT LODGY,SUV,4
1021,RENAULT LOGAN,SEDAN,4
1022,RENAULT NOT IN LIST,LUXURY,4
1023,RENAULT PULSE,HATCHBACK,4
1024,RENAULT SCALA,SEDAN,4
1025,RENAULT TRIBER,SUV,4
1026,ROLLS ROYCE CULLINAN,SIMPLY PREMIUM,4
1027,ROLLS ROYCE DAWN,SIMPLY PREMIUM,4
1028,ROLLS ROYCE DROPHEAD COUPE ,SIMPLY PREMIUM,4
1029,ROLLS ROYCE GHOST,SIMPLY PREMIUM,4
1030,ROLLS ROYCE NOT IN LIST,SIMPLY PREMIUM,4
1031,ROLLS ROYCE PHANTOM,SIMPLY PREMIUM,4
1032,ROLLS ROYCE WRAITH,SIMPLY PREMIUM,4
1033,SKODA KODIAQ,PREMIUM SUV,4
1034,SKODA KUSHAQ,SUV,4
1035,SKODA LAURA,SEDAN,4
1036,SKODA NEW OCTAVIA,SEDAN,4
1037,SKODA NEW SUPERB,SEDAN,4
1038,SKODA NOT IN LIST,LUXURY,4
1039,SKODA OCTAVIA,SEDAN,4
1040,SKODA RAPID,SEDAN,4
1041,SKODA SUPERB,SEDAN,4
1042,SKODA YETI,PREMIUM SUV,4
1043,SKODA FABIA,SEDAN,4
1044,SSANGYONG NOT IN LIST,PREMIUM SUV,4
1045,SSANGYONG REXTON,PREMIUM SUV,4
1046,SSANGYONG TIVOLI,PREMIUM SUV,4
1047,TATA MOTORS ALTROZ,HATCHBACK,4
1048,TATA MOTORS ALTROZ EV,ELECTRIC BUDGET,4
1049,TATA MOTORS ARIA,SUV,4
1050,TATA MOTORS BOLT,HATCHBACK,4
1051,TATA MOTORS HARRIER,PREMIUM SUV,4
1052,TATA MOTORS HEXA,SUV,4
1053,TATA MOTORS INDICA,HATCHBACK,4
1054,TATA MOTORS INDICA EV2,ELECTRIC BUDGET,4
1055,TATA MOTORS INDIGO,SEDAN,4
1056,TATA MOTORS INDIGO ECS,ELECTRIC BUDGET,4
1057,TATA MOTORS MANZA,SEDAN,4
1058,TATA MOTORS MOVUS,SUV,4
1059,TATA MOTORS NANO,HATCHBACK,4
1060,TATA MOTORS NANO GENX,HATCHBACK,4
1061,TATA MOTORS NEXON,SUV,4
1062,TATA MOTORS NOT IN LIST,LUXURY,4
1063,TATA MOTORS SAFARI DICOR,PREMIUM SUV,4
1064,TATA MOTORS SAFARI GRAVITAS,PREMIUM SUV,4
1065,TATA MOTORS SAFARI STORME,PREMIUM SUV,4
1066,TATA MOTORS SUMO,SUV,4
1067,TATA MOTORS SUMO GOLD,SUV,4
1068,TATA MOTORS TIAGO,HATCHBACK,4
1069,TATA MOTORS TIAGO JTP,HATCHBACK,4
1070,TATA MOTORS TIAGO NRG,HATCHBACK,4
1071,TATA MOTORS TIGOR,SEDAN,4
1072,TATA MOTORS TIGOR EV,ELECTRIC BUDGET,4
1073,TATA MOTORS TIGOR JTP,SEDAN,4
1074,TATA MOTORS VENTURE,SEDAN,4
1075,TATA MOTORS VISTA,HATCHBACK,4
1076,TATA MOTORS WINGER,PREMIUM SUV,4
1077,TATA MOTORS XENON XT,SUV,4
1078,TATA MOTORS ZEST,SEDAN,4
1079,TATA PUNCH,SUV,4
1080,TESLA MODEL S,ELECTRIC PREMIUM,4
1081,TESLA MODEL X,ELECTRIC PREMIUM,4
1082,TESLA NOT IN LIST,ELECTRIC PREMIUM,4
1083,TOYOTA CAMRY,LUXURY,4
1084,TOYOTA CAMRY HYBRID,LUXURY,4
1085,TOYOTA COROLLA ALTIS,LUXURY,4
1086,TOYOTA ETIOS,SEDAN,4
1087,TOYOTA ETIOS CROSS,SEDAN,4
1088,TOYOTA ETIOS LIVA,SEDAN,4
1089,TOYOTA FORTUNER,PREMIUM SUV,4
1090,TOYOTA GLANZA,SEDAN,4
1091,TOYOTA INNOVA,PREMIUM SUV,4
1092,TOYOTA INNOVA CRYSTA,PREMIUM SUV,4
1093,TOYOTA LAND CRUISER,PREMIUM SUV,4
1094,TOYOTA LAND CRUISER 200,PREMIUM SUV,4
1095,TOYOTA LAND CRUISER PRADO,PREMIUM SUV,4
1096,TOYOTA NOT IN LIST,LUXURY,4
1097,TOYOTA PLATINUM ETIOS,SEDAN,4
1098,TOYOTA PRIUS,SIMPLY PREMIUM,4
1099,TOYOTA URBAN CRUISER,SUV,4
1100,TOYOTA VELLFIRE,PREMIUM SUV,4
1101,TOYOTA YARIS,SEDAN,4
1102,VOLKSWAGEN AMEO,SEDAN,4
1103,VOLKSWAGEN CROSS POLO,SEDAN,4
1104,VOLKSWAGEN GTI,SEDAN,4
1105,VOLKSWAGEN JETTA,LUXURY,4
1106,VOLKSWAGEN NOT IN LIST,LUXURY,4
1107,VOLKSWAGEN PASSAT,LUXURY,4
1108,VOLKSWAGEN POLO,SEDAN,4
1109,VOLKSWAGEN POLO GT,SEDAN,4
1110,VOLKSWAGEN TAIGUN,SEDAN,4
1111,VOLKSWAGEN TCROSS,SEDAN,4
1112,VOLKSWAGEN TIGUAN,SEDAN,4
1113,VOLKSWAGEN TROC,PREMIUM SUV,4
1114,VOLKSWAGEN VENTO,LUXURY,4
1115,VOLKSWAGEN VIRTUS,LUXURY,4
1116,VOLVO C70,PREMIUM SUV,4
1117,VOLVO NOT IN LIST,PREMIUM SUV,4
1118,VOLVO S60,PREMIUM SUV,4
1119,VOLVO S60 CROSS COUNTRY,PREMIUM SUV,4
1120,VOLVO S80,PREMIUM SUV,4
1121,VOLVO S90,PREMIUM SUV,4
1122,VOLVO V40,PREMIUM SUV,4
1123,VOLVO V40 CROSS COUNTRY,PREMIUM SUV,4
1124,VOLVO V90 CROSS COUNTRY,PREMIUM SUV,4
1125,VOLVO XC40,PREMIUM SUV,4
1126,VOLVO XC60,PREMIUM SUV,4
1127,VOLVO XC90,PREMIUM SUV,4
1128,HYUNDAI GETZ,HATCHBACK,4
